[{"agegroups":"0-9","cases":"508","deaths":"1","rate":"134","dateupdated":"2020-05-30T00:00:00.000"}
,{"agegroups":"10-19","cases":"1078","deaths":"1","rate":"234","dateupdated":"2020-05-30T00:00:00.000"}
,{"agegroups":"20-29","cases":"4763","deaths":"4","rate":"1022","dateupdated":"2020-05-30T00:00:00.000"}
,{"agegroups":"30-39","cases":"5867","deaths":"19","rate":"1332","dateupdated":"2020-05-30T00:00:00.000"}
,{"agegroups":"40-49","cases":"5949","deaths":"52","rate":"1351","dateupdated":"2020-05-30T00:00:00.000"}
,{"agegroups":"50-59","cases":"7286","deaths":"157","rate":"1376","dateupdated":"2020-05-30T00:00:00.000"}
,{"agegroups":"60-69","cases":"6147","deaths":"497","rate":"1421","dateupdated":"2020-05-30T00:00:00.000"}
,{"agegroups":"70-79","cases":"4099","deaths":"843","rate":"1573","dateupdated":"2020-05-30T00:00:00.000"}
,{"agegroups":"80 and older","cases":"6378","deaths":"2369","rate":"3885","dateupdated":"2020-05-30T00:00:00.000"}
,{"agegroups":"0-9","cases":"501","deaths":"1","rate":"132","dateupdated":"2020-05-29T00:00:00.000"}
,{"agegroups":"10-19","cases":"1072","deaths":"1","rate":"233","dateupdated":"2020-05-29T00:00:00.000"}
,{"agegroups":"20-29","cases":"4751","deaths":"4","rate":"1019","dateupdated":"2020-05-29T00:00:00.000"}
,{"agegroups":"30-39","cases":"5855","deaths":"19","rate":"1330","dateupdated":"2020-05-29T00:00:00.000"}
,{"agegroups":"40-49","cases":"5933","deaths":"52","rate":"1347","dateupdated":"2020-05-29T00:00:00.000"}
,{"agegroups":"50-59","cases":"7257","deaths":"157","rate":"1371","dateupdated":"2020-05-29T00:00:00.000"}
,{"agegroups":"60-69","cases":"6122","deaths":"492","rate":"1415","dateupdated":"2020-05-29T00:00:00.000"}
,{"agegroups":"70-79","cases":"4076","deaths":"837","rate":"1564","dateupdated":"2020-05-29T00:00:00.000"}
,{"agegroups":"80 and older","cases":"6333","deaths":"2348","rate":"3858","dateupdated":"2020-05-29T00:00:00.000"}
,{"agegroups":"0-9","cases":"488","deaths":"1","rate":"129","dateupdated":"2020-05-28T00:00:00.000"}
,{"agegroups":"10-19","cases":"1059","deaths":"1","rate":"230","dateupdated":"2020-05-28T00:00:00.000"}
,{"agegroups":"20-29","cases":"4702","deaths":"4","rate":"1009","dateupdated":"2020-05-28T00:00:00.000"}
,{"agegroups":"30-39","cases":"5829","deaths":"19","rate":"1324","dateupdated":"2020-05-28T00:00:00.000"}
,{"agegroups":"40-49","cases":"5896","deaths":"52","rate":"1339","dateupdated":"2020-05-28T00:00:00.000"}
,{"agegroups":"50-59","cases":"7219","deaths":"157","rate":"1364","dateupdated":"2020-05-28T00:00:00.000"}
,{"agegroups":"60-69","cases":"6096","deaths":"490","rate":"1409","dateupdated":"2020-05-28T00:00:00.000"}
,{"agegroups":"70-79","cases":"4055","deaths":"822","rate":"1556","dateupdated":"2020-05-28T00:00:00.000"}
,{"agegroups":"80 and older","cases":"6299","deaths":"2321","rate":"3837","dateupdated":"2020-05-28T00:00:00.000"}
,{"agegroups":"0-9","cases":"481","deaths":"1","rate":"127","dateupdated":"2020-05-27T00:00:00.000"}
,{"agegroups":"10-19","cases":"1050","deaths":"1","rate":"228","dateupdated":"2020-05-27T00:00:00.000"}
,{"agegroups":"20-29","cases":"4682","deaths":"4","rate":"1005","dateupdated":"2020-05-27T00:00:00.000"}
,{"agegroups":"30-39","cases":"5791","deaths":"19","rate":"1315","dateupdated":"2020-05-27T00:00:00.000"}
,{"agegroups":"40-49","cases":"5871","deaths":"52","rate":"1333","dateupdated":"2020-05-27T00:00:00.000"}
,{"agegroups":"50-59","cases":"7200","deaths":"154","rate":"1360","dateupdated":"2020-05-27T00:00:00.000"}
,{"agegroups":"60-69","cases":"6067","deaths":"483","rate":"1402","dateupdated":"2020-05-27T00:00:00.000"}
,{"agegroups":"70-79","cases":"4039","deaths":"815","rate":"1550","dateupdated":"2020-05-27T00:00:00.000"}
,{"agegroups":"80 and older","cases":"6265","deaths":"2296","rate":"3816","dateupdated":"2020-05-27T00:00:00.000"}
,{"agegroups":"0-9","cases":"477","deaths":"1","rate":"126","dateupdated":"2020-05-26T00:00:00.000"}
,{"agegroups":"10-19","cases":"1040","deaths":"1","rate":"226","dateupdated":"2020-05-26T00:00:00.000"}
,{"agegroups":"20-29","cases":"4641","deaths":"4","rate":"996","dateupdated":"2020-05-26T00:00:00.000"}
,{"agegroups":"30-39","cases":"5753","deaths":"19","rate":"1306","dateupdated":"2020-05-26T00:00:00.000"}
,{"agegroups":"40-49","cases":"5846","deaths":"53","rate":"1327","dateupdated":"2020-05-26T00:00:00.000"}
,{"agegroups":"50-59","cases":"7150","deaths":"154","rate":"1350","dateupdated":"2020-05-26T00:00:00.000"}
,{"agegroups":"60-69","cases":"6025","deaths":"478","rate":"1393","dateupdated":"2020-05-26T00:00:00.000"}
,{"agegroups":"70-79","cases":"4022","deaths":"816","rate":"1543","dateupdated":"2020-05-26T00:00:00.000"}
,{"agegroups":"80 and older","cases":"6222","deaths":"2276","rate":"3790","dateupdated":"2020-05-26T00:00:00.000"}
,{"agegroups":"0-9","cases":"465","deaths":"1","rate":"123","dateupdated":"2020-05-25T00:00:00.000"}
,{"agegroups":"10-19","cases":"1040","deaths":"1","rate":"226","dateupdated":"2020-05-25T00:00:00.000"}
,{"agegroups":"20-29","cases":"4650","deaths":"4","rate":"998","dateupdated":"2020-05-25T00:00:00.000"}
,{"agegroups":"30-39","cases":"5747","deaths":"19","rate":"1305","dateupdated":"2020-05-25T00:00:00.000"}
,{"agegroups":"40-49","cases":"5882","deaths":"53","rate":"1335","dateupdated":"2020-05-25T00:00:00.000"}
,{"agegroups":"50-59","cases":"7184","deaths":"153","rate":"1357","dateupdated":"2020-05-25T00:00:00.000"}
,{"agegroups":"60-69","cases":"6021","deaths":"472","rate":"1392","dateupdated":"2020-05-25T00:00:00.000"}
,{"agegroups":"70-79","cases":"4016","deaths":"808","rate":"1541","dateupdated":"2020-05-25T00:00:00.000"}
,{"agegroups":"80 and older","cases":"6165","deaths":"2257","rate":"3755","dateupdated":"2020-05-25T00:00:00.000"}
,{"agegroups":"0-9","cases":"459","deaths":"1","rate":"121","dateupdated":"2020-05-24T00:00:00.000"}
,{"agegroups":"10-19","cases":"1016","deaths":"1","rate":"221","dateupdated":"2020-05-24T00:00:00.000"}
,{"agegroups":"20-29","cases":"4590","deaths":"4","rate":"985","dateupdated":"2020-05-24T00:00:00.000"}
,{"agegroups":"30-39","cases":"5705","deaths":"19","rate":"1296","dateupdated":"2020-05-24T00:00:00.000"}
,{"agegroups":"40-49","cases":"5788","deaths":"52","rate":"1314","dateupdated":"2020-05-24T00:00:00.000"}
,{"agegroups":"50-59","cases":"7087","deaths":"153","rate":"1339","dateupdated":"2020-05-24T00:00:00.000"}
,{"agegroups":"60-69","cases":"5971","deaths":"467","rate":"1380","dateupdated":"2020-05-24T00:00:00.000"}
,{"agegroups":"70-79","cases":"3995","deaths":"805","rate":"1533","dateupdated":"2020-05-24T00:00:00.000"}
,{"agegroups":"80 and older","cases":"6147","deaths":"2239","rate":"3744","dateupdated":"2020-05-24T00:00:00.000"}
,{"agegroups":"0-9","cases":"446","deaths":"1","rate":"118","dateupdated":"2020-05-23T00:00:00.000"}
,{"agegroups":"10-19","cases":"992","deaths":"1","rate":"216","dateupdated":"2020-05-23T00:00:00.000"}
,{"agegroups":"20-29","cases":"4532","deaths":"4","rate":"972","dateupdated":"2020-05-23T00:00:00.000"}
,{"agegroups":"30-39","cases":"5636","deaths":"19","rate":"1280","dateupdated":"2020-05-23T00:00:00.000"}
,{"agegroups":"40-49","cases":"5723","deaths":"51","rate":"1299","dateupdated":"2020-05-23T00:00:00.000"}
,{"agegroups":"50-59","cases":"7027","deaths":"155","rate":"1327","dateupdated":"2020-05-23T00:00:00.000"}
,{"agegroups":"60-69","cases":"5916","deaths":"461","rate":"1367","dateupdated":"2020-05-23T00:00:00.000"}
,{"agegroups":"70-79","cases":"3961","deaths":"800","rate":"1520","dateupdated":"2020-05-23T00:00:00.000"}
,{"agegroups":"80 and older","cases":"6100","deaths":"2200","rate":"3716","dateupdated":"2020-05-23T00:00:00.000"}
,{"agegroups":"0-9","cases":"436","deaths":"1","rate":"115","dateupdated":"2020-05-22T00:00:00.000"}
,{"agegroups":"10-19","cases":"981","deaths":"1","rate":"213","dateupdated":"2020-05-22T00:00:00.000"}
,{"agegroups":"20-29","cases":"4479","deaths":"4","rate":"961","dateupdated":"2020-05-22T00:00:00.000"}
,{"agegroups":"30-39","cases":"5563","deaths":"19","rate":"1263","dateupdated":"2020-05-22T00:00:00.000"}
,{"agegroups":"40-49","cases":"5674","deaths":"52","rate":"1288","dateupdated":"2020-05-22T00:00:00.000"}
,{"agegroups":"50-59","cases":"6974","deaths":"154","rate":"1317","dateupdated":"2020-05-22T00:00:00.000"}
,{"agegroups":"60-69","cases":"5882","deaths":"462","rate":"1360","dateupdated":"2020-05-22T00:00:00.000"}
,{"agegroups":"70-79","cases":"3905","deaths":"796","rate":"1498","dateupdated":"2020-05-22T00:00:00.000"}
,{"agegroups":"80 and older","cases":"5992","deaths":"2185","rate":"3650","dateupdated":"2020-05-22T00:00:00.000"}
,{"agegroups":"0-9","cases":"421","deaths":"1","rate":"111","dateupdated":"2020-05-21T00:00:00.000"}
,{"agegroups":"10-19","cases":"966","deaths":"1","rate":"210","dateupdated":"2020-05-21T00:00:00.000"}
,{"agegroups":"20-29","cases":"4417","deaths":"4","rate":"948","dateupdated":"2020-05-21T00:00:00.000"}
,{"agegroups":"30-39","cases":"5505","deaths":"20","rate":"1250","dateupdated":"2020-05-21T00:00:00.000"}
,{"agegroups":"40-49","cases":"5619","deaths":"51","rate":"1276","dateupdated":"2020-05-21T00:00:00.000"}
,{"agegroups":"50-59","cases":"6922","deaths":"153","rate":"1307","dateupdated":"2020-05-21T00:00:00.000"}
,{"agegroups":"60-69","cases":"5845","deaths":"457","rate":"1351","dateupdated":"2020-05-21T00:00:00.000"}
,{"agegroups":"70-79","cases":"3881","deaths":"787","rate":"1489","dateupdated":"2020-05-21T00:00:00.000"}
,{"agegroups":"80 and older","cases":"5947","deaths":"2162","rate":"3623","dateupdated":"2020-05-21T00:00:00.000"}
,{"agegroups":"0-9","cases":"409","deaths":"1","rate":"108","dateupdated":"2020-05-20T00:00:00.000"}
,{"agegroups":"10-19","cases":"942","deaths":"1","rate":"205","dateupdated":"2020-05-20T00:00:00.000"}
,{"agegroups":"20-29","cases":"4368","deaths":"4","rate":"937","dateupdated":"2020-05-20T00:00:00.000"}
,{"agegroups":"30-39","cases":"5449","deaths":"20","rate":"1237","dateupdated":"2020-05-20T00:00:00.000"}
,{"agegroups":"40-49","cases":"5571","deaths":"50","rate":"1265","dateupdated":"2020-05-20T00:00:00.000"}
,{"agegroups":"50-59","cases":"6857","deaths":"150","rate":"1295","dateupdated":"2020-05-20T00:00:00.000"}
,{"agegroups":"60-69","cases":"5787","deaths":"443","rate":"1338","dateupdated":"2020-05-20T00:00:00.000"}
,{"agegroups":"70-79","cases":"3842","deaths":"774","rate":"1474","dateupdated":"2020-05-20T00:00:00.000"}
,{"agegroups":"80 and older","cases":"5863","deaths":"2138","rate":"3571","dateupdated":"2020-05-20T00:00:00.000"}
,{"agegroups":"0-9","cases":"407","deaths":"1","rate":"107","dateupdated":"2020-05-19T04:00:00.000"}
,{"agegroups":"10-19","cases":"935","deaths":"1","rate":"203","dateupdated":"2020-05-19T04:00:00.000"}
,{"agegroups":"20-29","cases":"4338","deaths":"4","rate":"931","dateupdated":"2020-05-19T04:00:00.000"}
,{"agegroups":"30-39","cases":"5423","deaths":"20","rate":"1232","dateupdated":"2020-05-19T04:00:00.000"}
,{"agegroups":"40-49","cases":"5549","deaths":"51","rate":"1260","dateupdated":"2020-05-19T04:00:00.000"}
,{"agegroups":"50-59","cases":"6833","deaths":"148","rate":"1291","dateupdated":"2020-05-19T04:00:00.000"}
,{"agegroups":"60-69","cases":"5764","deaths":"436","rate":"1332","dateupdated":"2020-05-19T04:00:00.000"}
,{"agegroups":"70-79","cases":"3829","deaths":"765","rate":"1469","dateupdated":"2020-05-19T04:00:00.000"}
,{"agegroups":"80 and older","cases":"5817","deaths":"2101","rate":"3543","dateupdated":"2020-05-19T04:00:00.000"}
,{"agegroups":"0-9","cases":"386","deaths":"1","rate":"102","dateupdated":"2020-05-18T00:00:00.000"}
,{"agegroups":"10-19","cases":"897","deaths":"1","rate":"195","dateupdated":"2020-05-18T00:00:00.000"}
,{"agegroups":"20-29","cases":"4264","deaths":"4","rate":"915","dateupdated":"2020-05-18T00:00:00.000"}
,{"agegroups":"30-39","cases":"5340","deaths":"20","rate":"1213","dateupdated":"2020-05-18T00:00:00.000"}
,{"agegroups":"40-49","cases":"5475","deaths":"51","rate":"1243","dateupdated":"2020-05-18T00:00:00.000"}
,{"agegroups":"50-59","cases":"6739","deaths":"143","rate":"1273","dateupdated":"2020-05-18T00:00:00.000"}
,{"agegroups":"60-69","cases":"5686","deaths":"433","rate":"1314","dateupdated":"2020-05-18T00:00:00.000"}
,{"agegroups":"70-79","cases":"3772","deaths":"749","rate":"1447","dateupdated":"2020-05-18T00:00:00.000"}
,{"agegroups":"80 and older","cases":"5748","deaths":"2068","rate":"3501","dateupdated":"2020-05-18T00:00:00.000"}
,{"agegroups":"0-9","cases":"376","deaths":"1","rate":"99","dateupdated":"2020-05-17T00:00:00.000"}
,{"agegroups":"10-19","cases":"900","deaths":"1","rate":"196","dateupdated":"2020-05-17T00:00:00.000"}
,{"agegroups":"20-29","cases":"4247","deaths":"4","rate":"911","dateupdated":"2020-05-17T00:00:00.000"}
,{"agegroups":"30-39","cases":"5297","deaths":"20","rate":"1203","dateupdated":"2020-05-17T00:00:00.000"}
,{"agegroups":"40-49","cases":"5427","deaths":"53","rate":"1232","dateupdated":"2020-05-17T00:00:00.000"}
,{"agegroups":"50-59","cases":"6690","deaths":"140","rate":"1264","dateupdated":"2020-05-17T00:00:00.000"}
,{"agegroups":"60-69","cases":"5620","deaths":"435","rate":"1299","dateupdated":"2020-05-17T00:00:00.000"}
,{"agegroups":"70-79","cases":"3742","deaths":"745","rate":"1436","dateupdated":"2020-05-17T00:00:00.000"}
,{"agegroups":"80 and older","cases":"5681","deaths":"2048","rate":"3461","dateupdated":"2020-05-17T00:00:00.000"}
,{"agegroups":"0-9","cases":"352","deaths":"1","rate":"93","dateupdated":"2020-05-16T00:00:00.000"}
,{"agegroups":"10-19","cases":"852","deaths":"1","rate":"185","dateupdated":"2020-05-16T00:00:00.000"}
,{"agegroups":"20-29","cases":"4131","deaths":"4","rate":"886","dateupdated":"2020-05-16T00:00:00.000"}
,{"agegroups":"30-39","cases":"5236","deaths":"20","rate":"1189","dateupdated":"2020-05-16T00:00:00.000"}
,{"agegroups":"40-49","cases":"5345","deaths":"48","rate":"1214","dateupdated":"2020-05-16T00:00:00.000"}
,{"agegroups":"50-59","cases":"6597","deaths":"141","rate":"1246","dateupdated":"2020-05-16T00:00:00.000"}
,{"agegroups":"60-69","cases":"5568","deaths":"426","rate":"1287","dateupdated":"2020-05-16T00:00:00.000"}
,{"agegroups":"70-79","cases":"3668","deaths":"733","rate":"1407","dateupdated":"2020-05-16T00:00:00.000"}
,{"agegroups":"80 and older","cases":"5545","deaths":"2032","rate":"3378","dateupdated":"2020-05-16T00:00:00.000"}
,{"agegroups":"0-9","cases":"339","deaths":"1","rate":"89","dateupdated":"2020-05-15T00:00:00.000"}
,{"agegroups":"10-19","cases":"830","deaths":"1","rate":"181","dateupdated":"2020-05-15T00:00:00.000"}
,{"agegroups":"20-29","cases":"4037","deaths":"4","rate":"866","dateupdated":"2020-05-15T00:00:00.000"}
,{"agegroups":"30-39","cases":"5123","deaths":"20","rate":"1163","dateupdated":"2020-05-15T00:00:00.000"}
,{"agegroups":"40-49","cases":"5251","deaths":"46","rate":"1192","dateupdated":"2020-05-15T00:00:00.000"}
,{"agegroups":"50-59","cases":"6453","deaths":"136","rate":"1219","dateupdated":"2020-05-15T00:00:00.000"}
,{"agegroups":"60-69","cases":"5457","deaths":"418","rate":"1261","dateupdated":"2020-05-15T00:00:00.000"}
,{"agegroups":"70-79","cases":"3609","deaths":"720","rate":"1385","dateupdated":"2020-05-15T00:00:00.000"}
,{"agegroups":"80 and older","cases":"5463","deaths":"1991","rate":"3328","dateupdated":"2020-05-15T00:00:00.000"}
,{"agegroups":"0-9","cases":"332","deaths":"1","rate":"88","dateupdated":"2020-05-14T00:00:00.000"}
,{"agegroups":"10-19","cases":"810","deaths":"1","rate":"176","dateupdated":"2020-05-14T00:00:00.000"}
,{"agegroups":"20-29","cases":"3955","deaths":"4","rate":"849","dateupdated":"2020-05-14T00:00:00.000"}
,{"agegroups":"30-39","cases":"5035","deaths":"20","rate":"1143","dateupdated":"2020-05-14T00:00:00.000"}
,{"agegroups":"40-49","cases":"5184","deaths":"45","rate":"1177","dateupdated":"2020-05-14T00:00:00.000"}
,{"agegroups":"50-59","cases":"6363","deaths":"133","rate":"1202","dateupdated":"2020-05-14T00:00:00.000"}
,{"agegroups":"60-69","cases":"5381","deaths":"410","rate":"1244","dateupdated":"2020-05-14T00:00:00.000"}
,{"agegroups":"70-79","cases":"3549","deaths":"710","rate":"1362","dateupdated":"2020-05-14T00:00:00.000"}
,{"agegroups":"80 and older","cases":"5343","deaths":"1958","rate":"3255","dateupdated":"2020-05-14T00:00:00.000"}
,{"agegroups":"0-9","cases":"328","deaths":"1","rate":"87","dateupdated":"2020-05-13T00:00:00.000"}
,{"agegroups":"10-19","cases":"789","deaths":"1","rate":"172","dateupdated":"2020-05-13T00:00:00.000"}
,{"agegroups":"20-29","cases":"3866","deaths":"4","rate":"830","dateupdated":"2020-05-13T00:00:00.000"}
,{"agegroups":"30-39","cases":"4934","deaths":"19","rate":"1120","dateupdated":"2020-05-13T00:00:00.000"}
,{"agegroups":"40-49","cases":"5095","deaths":"45","rate":"1157","dateupdated":"2020-05-13T00:00:00.000"}
,{"agegroups":"50-59","cases":"6266","deaths":"130","rate":"1184","dateupdated":"2020-05-13T00:00:00.000"}
,{"agegroups":"60-69","cases":"5299","deaths":"403","rate":"1225","dateupdated":"2020-05-13T00:00:00.000"}
,{"agegroups":"70-79","cases":"3495","deaths":"695","rate":"1341","dateupdated":"2020-05-13T00:00:00.000"}
,{"agegroups":"80 and older","cases":"5260","deaths":"1918","rate":"3204","dateupdated":"2020-05-13T00:00:00.000"}
,{"agegroups":"0-9","cases":"313","deaths":"1","rate":"83","dateupdated":"2020-05-12T00:00:00.000"}
,{"agegroups":"10-19","cases":"765","deaths":"1","rate":"166","dateupdated":"2020-05-12T00:00:00.000"}
,{"agegroups":"20-29","cases":"3825","deaths":"4","rate":"821","dateupdated":"2020-05-12T00:00:00.000"}
,{"agegroups":"30-39","cases":"4858","deaths":"19","rate":"1103","dateupdated":"2020-05-12T00:00:00.000"}
,{"agegroups":"40-49","cases":"5036","deaths":"43","rate":"1143","dateupdated":"2020-05-12T00:00:00.000"}
,{"agegroups":"50-59","cases":"6159","deaths":"127","rate":"1163","dateupdated":"2020-05-12T00:00:00.000"}
,{"agegroups":"60-69","cases":"5209","deaths":"390","rate":"1204","dateupdated":"2020-05-12T00:00:00.000"}
,{"agegroups":"70-79","cases":"3432","deaths":"680","rate":"1317","dateupdated":"2020-05-12T00:00:00.000"}
,{"agegroups":"80 and older","cases":"5131","deaths":"1856","rate":"3126","dateupdated":"2020-05-12T00:00:00.000"}
,{"agegroups":"0-9","cases":"303","deaths":"1","rate":"80","dateupdated":"2020-05-11T00:00:00.000"}
,{"agegroups":"10-19","cases":"748","deaths":"1","rate":"163","dateupdated":"2020-05-11T00:00:00.000"}
,{"agegroups":"20-29","cases":"3739","deaths":"4","rate":"802","dateupdated":"2020-05-11T00:00:00.000"}
,{"agegroups":"30-39","cases":"4777","deaths":"19","rate":"1085","dateupdated":"2020-05-11T00:00:00.000"}
,{"agegroups":"40-49","cases":"4970","deaths":"41","rate":"1128","dateupdated":"2020-05-11T00:00:00.000"}
,{"agegroups":"50-59","cases":"6088","deaths":"125","rate":"1150","dateupdated":"2020-05-11T00:00:00.000"}
,{"agegroups":"60-69","cases":"5152","deaths":"380","rate":"1191","dateupdated":"2020-05-11T00:00:00.000"}
,{"agegroups":"70-79","cases":"3384","deaths":"668","rate":"1298","dateupdated":"2020-05-11T00:00:00.000"}
,{"agegroups":"80 and older","cases":"5032","deaths":"1798","rate":"3065","dateupdated":"2020-05-11T00:00:00.000"}
,{"agegroups":"0-9","cases":"289","deaths":"1","rate":"76","dateupdated":"2020-05-10T00:00:00.000"}
,{"agegroups":"10-19","cases":"729","deaths":"1","rate":"159","dateupdated":"2020-05-10T00:00:00.000"}
,{"agegroups":"20-29","cases":"3664","deaths":"4","rate":"786","dateupdated":"2020-05-10T00:00:00.000"}
,{"agegroups":"30-39","cases":"4677","deaths":"19","rate":"1062","dateupdated":"2020-05-10T00:00:00.000"}
,{"agegroups":"40-49","cases":"4898","deaths":"40","rate":"1112","dateupdated":"2020-05-10T00:00:00.000"}
,{"agegroups":"50-59","cases":"5996","deaths":"123","rate":"1133","dateupdated":"2020-05-10T00:00:00.000"}
,{"agegroups":"60-69","cases":"5091","deaths":"373","rate":"1177","dateupdated":"2020-05-10T00:00:00.000"}
,{"agegroups":"70-79","cases":"3330","deaths":"665","rate":"1278","dateupdated":"2020-05-10T00:00:00.000"}
,{"agegroups":"80 and older","cases":"4950","deaths":"1777","rate":"3015","dateupdated":"2020-05-10T00:00:00.000"}
,{"agegroups":"0-9","cases":"287","deaths":"1","rate":"76","dateupdated":"2020-05-09T00:00:00.000"}
,{"agegroups":"10-19","cases":"724","deaths":"1","rate":"157","dateupdated":"2020-05-09T00:00:00.000"}
,{"agegroups":"20-29","cases":"3649","deaths":"4","rate":"783","dateupdated":"2020-05-09T00:00:00.000"}
,{"agegroups":"30-39","cases":"4661","deaths":"19","rate":"1058","dateupdated":"2020-05-09T00:00:00.000"}
,{"agegroups":"40-49","cases":"4870","deaths":"40","rate":"1106","dateupdated":"2020-05-09T00:00:00.000"}
,{"agegroups":"50-59","cases":"5956","deaths":"120","rate":"1125","dateupdated":"2020-05-09T00:00:00.000"}
,{"agegroups":"60-69","cases":"5060","deaths":"363","rate":"1170","dateupdated":"2020-05-09T00:00:00.000"}
,{"agegroups":"70-79","cases":"3304","deaths":"656","rate":"1268","dateupdated":"2020-05-09T00:00:00.000"}
,{"agegroups":"80 and older","cases":"4902","deaths":"1758","rate":"2986","dateupdated":"2020-05-09T00:00:00.000"}
,{"agegroups":"0-9","cases":"280","deaths":"1","rate":"74","dateupdated":"2020-05-08T00:00:00.000"}
,{"agegroups":"10-19","cases":"709","deaths":"1","rate":"154","dateupdated":"2020-05-08T00:00:00.000"}
,{"agegroups":"20-29","cases":"3577","deaths":"4","rate":"768","dateupdated":"2020-05-08T00:00:00.000"}
,{"agegroups":"30-39","cases":"4587","deaths":"20","rate":"1042","dateupdated":"2020-05-08T00:00:00.000"}
,{"agegroups":"40-49","cases":"4799","deaths":"39","rate":"1090","dateupdated":"2020-05-08T00:00:00.000"}
,{"agegroups":"50-59","cases":"5852","deaths":"121","rate":"1105","dateupdated":"2020-05-08T00:00:00.000"}
,{"agegroups":"60-69","cases":"4974","deaths":"363","rate":"1150","dateupdated":"2020-05-08T00:00:00.000"}
,{"agegroups":"70-79","cases":"3266","deaths":"641","rate":"1253","dateupdated":"2020-05-08T00:00:00.000"}
,{"agegroups":"80 and older","cases":"4805","deaths":"1739","rate":"2927","dateupdated":"2020-05-08T00:00:00.000"}
,{"agegroups":"0-9","cases":"267","deaths":"1","rate":"70","dateupdated":"2020-05-07T00:00:00.000"}
,{"agegroups":"10-19","cases":"684","deaths":"1","rate":"149","dateupdated":"2020-05-07T00:00:00.000"}
,{"agegroups":"20-29","cases":"3506","deaths":"4","rate":"752","dateupdated":"2020-05-07T00:00:00.000"}
,{"agegroups":"30-39","cases":"4505","deaths":"19","rate":"1023","dateupdated":"2020-05-07T00:00:00.000"}
,{"agegroups":"40-49","cases":"4728","deaths":"41","rate":"1073","dateupdated":"2020-05-07T00:00:00.000"}
,{"agegroups":"50-59","cases":"5768","deaths":"120","rate":"1089","dateupdated":"2020-05-07T00:00:00.000"}
,{"agegroups":"60-69","cases":"4894","deaths":"356","rate":"1131","dateupdated":"2020-05-07T00:00:00.000"}
,{"agegroups":"70-79","cases":"3216","deaths":"630","rate":"1234","dateupdated":"2020-05-07T00:00:00.000"}
,{"agegroups":"80 and older","cases":"4704","deaths":"1699","rate":"2865","dateupdated":"2020-05-07T00:00:00.000"}
,{"agegroups":"0-9","cases":"256","deaths":"1","rate":"68","dateupdated":"2020-05-06T00:00:00.000"}
,{"agegroups":"10-19","cases":"663","deaths":"1","rate":"144","dateupdated":"2020-05-06T00:00:00.000"}
,{"agegroups":"20-29","cases":"3411","deaths":"4","rate":"732","dateupdated":"2020-05-06T00:00:00.000"}
,{"agegroups":"30-39","cases":"4393","deaths":"19","rate":"998","dateupdated":"2020-05-06T00:00:00.000"}
,{"agegroups":"40-49","cases":"4638","deaths":"41","rate":"1053","dateupdated":"2020-05-06T00:00:00.000"}
,{"agegroups":"50-59","cases":"5672","deaths":"120","rate":"1071","dateupdated":"2020-05-06T00:00:00.000"}
,{"agegroups":"60-69","cases":"4824","deaths":"343","rate":"1115","dateupdated":"2020-05-06T00:00:00.000"}
,{"agegroups":"70-79","cases":"3159","deaths":"615","rate":"1212","dateupdated":"2020-05-06T00:00:00.000"}
,{"agegroups":"80 and older","cases":"4626","deaths":"1650","rate":"2818","dateupdated":"2020-05-06T00:00:00.000"}
,{"agegroups":"0-9","cases":"243","deaths":"1","rate":"64","dateupdated":"2020-05-05T00:00:00.000"}
,{"agegroups":"10-19","cases":"638","deaths":"1","rate":"139","dateupdated":"2020-05-05T00:00:00.000"}
,{"agegroups":"20-29","cases":"3332","deaths":"4","rate":"715","dateupdated":"2020-05-05T00:00:00.000"}
,{"agegroups":"30-39","cases":"4303","deaths":"19","rate":"977","dateupdated":"2020-05-05T00:00:00.000"}
,{"agegroups":"40-49","cases":"4531","deaths":"38","rate":"1029","dateupdated":"2020-05-05T00:00:00.000"}
,{"agegroups":"50-59","cases":"5539","deaths":"120","rate":"1046","dateupdated":"2020-05-05T00:00:00.000"}
,{"agegroups":"60-69","cases":"4716","deaths":"340","rate":"1090","dateupdated":"2020-05-05T00:00:00.000"}
,{"agegroups":"70-79","cases":"3062","deaths":"596","rate":"1175","dateupdated":"2020-05-05T00:00:00.000"}
,{"agegroups":"80 and older","cases":"4485","deaths":"1596","rate":"2732","dateupdated":"2020-05-05T00:00:00.000"}
,{"agegroups":"0-9","cases":"239","deaths":"1","rate":"63","dateupdated":"2020-05-04T00:00:00.000"}
,{"agegroups":"10-19","cases":"628","deaths":"1","rate":"137","dateupdated":"2020-05-04T00:00:00.000"}
,{"agegroups":"20-29","cases":"3292","deaths":"4","rate":"706","dateupdated":"2020-05-04T00:00:00.000"}
,{"agegroups":"30-39","cases":"4254","deaths":"18","rate":"966","dateupdated":"2020-05-04T00:00:00.000"}
,{"agegroups":"40-49","cases":"4491","deaths":"38","rate":"1020","dateupdated":"2020-05-04T00:00:00.000"}
,{"agegroups":"50-59","cases":"5493","deaths":"116","rate":"1038","dateupdated":"2020-05-04T00:00:00.000"}
,{"agegroups":"60-69","cases":"4663","deaths":"328","rate":"1078","dateupdated":"2020-05-04T00:00:00.000"}
,{"agegroups":"70-79","cases":"3010","deaths":"581","rate":"1155","dateupdated":"2020-05-04T00:00:00.000"}
,{"agegroups":"80 and older","cases":"4400","deaths":"1543","rate":"2680","dateupdated":"2020-05-04T00:00:00.000"}
,{"agegroups":"0-9","cases":"226","deaths":"1","rate":"60","dateupdated":"2020-05-03T04:00:00.000"}
,{"agegroups":"10-19","cases":"611","deaths":"1","rate":"133","dateupdated":"2020-05-03T04:00:00.000"}
,{"agegroups":"20-29","cases":"3190","deaths":"4","rate":"684","dateupdated":"2020-05-03T04:00:00.000"}
,{"agegroups":"30-39","cases":"4151","deaths":"18","rate":"943","dateupdated":"2020-05-03T04:00:00.000"}
,{"agegroups":"40-49","cases":"4401","deaths":"37","rate":"999","dateupdated":"2020-05-03T04:00:00.000"}
,{"agegroups":"50-59","cases":"5405","deaths":"111","rate":"1021","dateupdated":"2020-05-03T04:00:00.000"}
,{"agegroups":"60-69","cases":"4583","deaths":"324","rate":"1059","dateupdated":"2020-05-03T04:00:00.000"}
,{"agegroups":"70-79","cases":"2946","deaths":"558","rate":"1130","dateupdated":"2020-05-03T04:00:00.000"}
,{"agegroups":"80 and older","cases":"4307","deaths":"1499","rate":"2624","dateupdated":"2020-05-03T04:00:00.000"}
,{"agegroups":"0-9","cases":"220","deaths":"1","rate":"58","dateupdated":"2020-05-02T00:00:00.000"}
,{"agegroups":"10-19","cases":"603","deaths":"1","rate":"131","dateupdated":"2020-05-02T00:00:00.000"}
,{"agegroups":"20-29","cases":"3122","deaths":"4","rate":"670","dateupdated":"2020-05-02T00:00:00.000"}
,{"agegroups":"30-39","cases":"4042","deaths":"18","rate":"918","dateupdated":"2020-05-02T00:00:00.000"}
,{"agegroups":"40-49","cases":"4298","deaths":"33","rate":"976","dateupdated":"2020-05-02T00:00:00.000"}
,{"agegroups":"50-59","cases":"5297","deaths":"104","rate":"1000","dateupdated":"2020-05-02T00:00:00.000"}
,{"agegroups":"60-69","cases":"4483","deaths":"309","rate":"1036","dateupdated":"2020-05-02T00:00:00.000"}
,{"agegroups":"70-79","cases":"2872","deaths":"535","rate":"1102","dateupdated":"2020-05-02T00:00:00.000"}
,{"agegroups":"80 and older","cases":"4193","deaths":"1426","rate":"2554","dateupdated":"2020-05-02T00:00:00.000"}
,{"agegroups":"0-9","cases":"214","deaths":"1","rate":"56","dateupdated":"2020-05-01T00:00:00.000"}
,{"agegroups":"10-19","cases":"589","deaths":"1","rate":"128","dateupdated":"2020-05-01T00:00:00.000"}
,{"agegroups":"20-29","cases":"3051","deaths":"3","rate":"655","dateupdated":"2020-05-01T00:00:00.000"}
,{"agegroups":"30-39","cases":"3977","deaths":"18","rate":"903","dateupdated":"2020-05-01T00:00:00.000"}
,{"agegroups":"40-49","cases":"4227","deaths":"32","rate":"960","dateupdated":"2020-05-01T00:00:00.000"}
,{"agegroups":"50-59","cases":"5218","deaths":"102","rate":"986","dateupdated":"2020-05-01T00:00:00.000"}
,{"agegroups":"60-69","cases":"4413","deaths":"300","rate":"1020","dateupdated":"2020-05-01T00:00:00.000"}
,{"agegroups":"70-79","cases":"2808","deaths":"521","rate":"1077","dateupdated":"2020-05-01T00:00:00.000"}
,{"agegroups":"80 and older","cases":"4063","deaths":"1357","rate":"2475","dateupdated":"2020-05-01T00:00:00.000"}
,{"agegroups":"0-9","cases":"207","deaths":"1","rate":"55","dateupdated":"2020-04-30T00:00:00.000"}
,{"agegroups":"10-19","cases":"568","deaths":"1","rate":"124","dateupdated":"2020-04-30T00:00:00.000"}
,{"agegroups":"20-29","cases":"2936","deaths":"3","rate":"630","dateupdated":"2020-04-30T00:00:00.000"}
,{"agegroups":"30-39","cases":"3821","deaths":"18","rate":"868","dateupdated":"2020-04-30T00:00:00.000"}
,{"agegroups":"40-49","cases":"4063","deaths":"31","rate":"922","dateupdated":"2020-04-30T00:00:00.000"}
,{"agegroups":"50-59","cases":"5040","deaths":"101","rate":"952","dateupdated":"2020-04-30T00:00:00.000"}
,{"agegroups":"60-69","cases":"4259","deaths":"290","rate":"984","dateupdated":"2020-04-30T00:00:00.000"}
,{"agegroups":"70-79","cases":"2712","deaths":"507","rate":"1041","dateupdated":"2020-04-30T00:00:00.000"}
,{"agegroups":"80 and older","cases":"3860","deaths":"1301","rate":"2351","dateupdated":"2020-04-30T00:00:00.000"}
,{"agegroups":"0-9","cases":"199","deaths":"1","rate":"52","dateupdated":"2020-04-29T00:00:00.000"}
,{"agegroups":"10-19","cases":"537","deaths":"1","rate":"117","dateupdated":"2020-04-29T00:00:00.000"}
,{"agegroups":"20-29","cases":"2820","deaths":"3","rate":"605","dateupdated":"2020-04-29T00:00:00.000"}
,{"agegroups":"30-39","cases":"3695","deaths":"16","rate":"839","dateupdated":"2020-04-29T00:00:00.000"}
,{"agegroups":"40-49","cases":"3952","deaths":"31","rate":"897","dateupdated":"2020-04-29T00:00:00.000"}
,{"agegroups":"50-59","cases":"4894","deaths":"98","rate":"924","dateupdated":"2020-04-29T00:00:00.000"}
,{"agegroups":"60-69","cases":"4124","deaths":"279","rate":"953","dateupdated":"2020-04-29T00:00:00.000"}
,{"agegroups":"70-79","cases":"2609","deaths":"486","rate":"1001","dateupdated":"2020-04-29T00:00:00.000"}
,{"agegroups":"80 and older","cases":"3704","deaths":"1249","rate":"2256","dateupdated":"2020-04-29T00:00:00.000"}
,{"agegroups":"0-9","cases":"190","deaths":"1","rate":"50","dateupdated":"2020-04-28T00:00:00.000"}
,{"agegroups":"10-19","cases":"532","deaths":"1","rate":"116","dateupdated":"2020-04-28T00:00:00.000"}
,{"agegroups":"20-29","cases":"2770","deaths":"3","rate":"594","dateupdated":"2020-04-28T00:00:00.000"}
,{"agegroups":"30-39","cases":"3651","deaths":"17","rate":"829","dateupdated":"2020-04-28T00:00:00.000"}
,{"agegroups":"40-49","cases":"3905","deaths":"31","rate":"887","dateupdated":"2020-04-28T00:00:00.000"}
,{"agegroups":"50-59","cases":"4840","deaths":"96","rate":"914","dateupdated":"2020-04-28T00:00:00.000"}
,{"agegroups":"60-69","cases":"4053","deaths":"274","rate":"937","dateupdated":"2020-04-28T00:00:00.000"}
,{"agegroups":"70-79","cases":"2545","deaths":"468","rate":"976","dateupdated":"2020-04-28T00:00:00.000"}
,{"agegroups":"80 and older","cases":"3593","deaths":"1195","rate":"2189","dateupdated":"2020-04-28T00:00:00.000"}
,{"agegroups":"0-9","cases":"188","deaths":"1","rate":"50","dateupdated":"2020-04-27T00:00:00.000"}
,{"agegroups":"10-19","cases":"523","deaths":"1","rate":"114","dateupdated":"2020-04-27T00:00:00.000"}
,{"agegroups":"20-29","cases":"2750","deaths":"3","rate":"590","dateupdated":"2020-04-27T00:00:00.000"}
,{"agegroups":"30-39","cases":"3614","deaths":"16","rate":"821","dateupdated":"2020-04-27T00:00:00.000"}
,{"agegroups":"40-49","cases":"3885","deaths":"31","rate":"882","dateupdated":"2020-04-27T00:00:00.000"}
,{"agegroups":"50-59","cases":"4796","deaths":"92","rate":"906","dateupdated":"2020-04-27T00:00:00.000"}
,{"agegroups":"60-69","cases":"4011","deaths":"270","rate":"927","dateupdated":"2020-04-27T00:00:00.000"}
,{"agegroups":"70-79","cases":"2501","deaths":"455","rate":"960","dateupdated":"2020-04-27T00:00:00.000"}
,{"agegroups":"80 and older","cases":"3498","deaths":"1141","rate":"2131","dateupdated":"2020-04-27T00:00:00.000"}
,{"agegroups":"0-9","cases":"184","deaths":"1","rate":"49","dateupdated":"2020-04-26T00:00:00.000"}
,{"agegroups":"10-19","cases":"500","deaths":"1","rate":"109","dateupdated":"2020-04-26T00:00:00.000"}
,{"agegroups":"20-29","cases":"2647","deaths":"3","rate":"568","dateupdated":"2020-04-26T00:00:00.000"}
,{"agegroups":"30-39","cases":"3509","deaths":"16","rate":"797","dateupdated":"2020-04-26T00:00:00.000"}
,{"agegroups":"40-49","cases":"3788","deaths":"31","rate":"860","dateupdated":"2020-04-26T00:00:00.000"}
,{"agegroups":"50-59","cases":"4689","deaths":"88","rate":"886","dateupdated":"2020-04-26T00:00:00.000"}
,{"agegroups":"60-69","cases":"3903","deaths":"258","rate":"902","dateupdated":"2020-04-26T00:00:00.000"}
,{"agegroups":"70-79","cases":"2433","deaths":"434","rate":"933","dateupdated":"2020-04-26T00:00:00.000"}
,{"agegroups":"80 and older","cases":"3382","deaths":"1091","rate":"2060","dateupdated":"2020-04-26T00:00:00.000"}
,{"agegroups":"0-9","cases":"178","deaths":"1","rate":"47","dateupdated":"2020-04-25T00:00:00.000"}
,{"agegroups":"10-19","cases":"492","deaths":"1","rate":"107","dateupdated":"2020-04-25T00:00:00.000"}
,{"agegroups":"20-29","cases":"2576","deaths":"3","rate":"553","dateupdated":"2020-04-25T00:00:00.000"}
,{"agegroups":"30-39","cases":"3428","deaths":"16","rate":"778","dateupdated":"2020-04-25T00:00:00.000"}
,{"agegroups":"40-49","cases":"3708","deaths":"31","rate":"842","dateupdated":"2020-04-25T00:00:00.000"}
,{"agegroups":"50-59","cases":"4576","deaths":"84","rate":"864","dateupdated":"2020-04-25T00:00:00.000"}
,{"agegroups":"60-69","cases":"3824","deaths":"250","rate":"884","dateupdated":"2020-04-25T00:00:00.000"}
,{"agegroups":"70-79","cases":"2338","deaths":"423","rate":"897","dateupdated":"2020-04-25T00:00:00.000"}
,{"agegroups":"80 and older","cases":"3225","deaths":"1049","rate":"1964","dateupdated":"2020-04-25T00:00:00.000"}
,{"agegroups":"0-9","cases":"176","deaths":"1","rate":"46","dateupdated":"2020-04-24T00:00:00.000"}
,{"agegroups":"10-19","cases":"482","deaths":"1","rate":"105","dateupdated":"2020-04-24T00:00:00.000"}
,{"agegroups":"20-29","cases":"2465","deaths":"4","rate":"529","dateupdated":"2020-04-24T00:00:00.000"}
,{"agegroups":"30-39","cases":"3322","deaths":"16","rate":"754","dateupdated":"2020-04-24T00:00:00.000"}
,{"agegroups":"40-49","cases":"3621","deaths":"31","rate":"822","dateupdated":"2020-04-24T00:00:00.000"}
,{"agegroups":"50-59","cases":"4464","deaths":"78","rate":"843","dateupdated":"2020-04-24T00:00:00.000"}
,{"agegroups":"60-69","cases":"3739","deaths":"240","rate":"864","dateupdated":"2020-04-24T00:00:00.000"}
,{"agegroups":"70-79","cases":"2283","deaths":"398","rate":"876","dateupdated":"2020-04-24T00:00:00.000"}
,{"agegroups":"80 and older","cases":"3134","deaths":"992","rate":"1909","dateupdated":"2020-04-24T00:00:00.000"}
,{"agegroups":"0-9","cases":"169","deaths":"1","rate":"45","dateupdated":"2020-04-23T00:00:00.000"}
,{"agegroups":"10-19","cases":"465","deaths":"1","rate":"101","dateupdated":"2020-04-23T00:00:00.000"}
,{"agegroups":"20-29","cases":"2397","deaths":"4","rate":"514","dateupdated":"2020-04-23T00:00:00.000"}
,{"agegroups":"30-39","cases":"3204","deaths":"15","rate":"728","dateupdated":"2020-04-23T00:00:00.000"}
,{"agegroups":"40-49","cases":"3537","deaths":"30","rate":"803","dateupdated":"2020-04-23T00:00:00.000"}
,{"agegroups":"50-59","cases":"4335","deaths":"75","rate":"819","dateupdated":"2020-04-23T00:00:00.000"}
,{"agegroups":"60-69","cases":"3632","deaths":"228","rate":"839","dateupdated":"2020-04-23T00:00:00.000"}
,{"agegroups":"70-79","cases":"2172","deaths":"366","rate":"833","dateupdated":"2020-04-23T00:00:00.000"}
,{"agegroups":"80 and older","cases":"2951","deaths":"915","rate":"1798","dateupdated":"2020-04-23T00:00:00.000"}
,{"agegroups":"0-9","cases":"166","deaths":"1","rate":"44","dateupdated":"2020-04-22T00:00:00.000"}
,{"agegroups":"10-19","cases":"448","deaths":"1","rate":"97","dateupdated":"2020-04-22T00:00:00.000"}
,{"agegroups":"20-29","cases":"2313","deaths":"3","rate":"496","dateupdated":"2020-04-22T00:00:00.000"}
,{"agegroups":"30-39","cases":"3136","deaths":"14","rate":"712","dateupdated":"2020-04-22T00:00:00.000"}
,{"agegroups":"40-49","cases":"3450","deaths":"30","rate":"783","dateupdated":"2020-04-22T00:00:00.000"}
,{"agegroups":"50-59","cases":"4232","deaths":"69","rate":"799","dateupdated":"2020-04-22T00:00:00.000"}
,{"agegroups":"60-69","cases":"3549","deaths":"222","rate":"820","dateupdated":"2020-04-22T00:00:00.000"}
,{"agegroups":"70-79","cases":"2114","deaths":"344","rate":"811","dateupdated":"2020-04-22T00:00:00.000"}
,{"agegroups":"80 and older","cases":"2828","deaths":"858","rate":"1723","dateupdated":"2020-04-22T00:00:00.000"}
,{"agegroups":"0-9","cases":"144","deaths":"1","rate":"38","dateupdated":"2020-04-21T00:00:00.000"}
,{"agegroups":"10-19","cases":"386","deaths":"2","rate":"84","dateupdated":"2020-04-21T00:00:00.000"}
,{"agegroups":"20-29","cases":"2074","deaths":"3","rate":"445","dateupdated":"2020-04-21T00:00:00.000"}
,{"agegroups":"30-39","cases":"2805","deaths":"14","rate":"637","dateupdated":"2020-04-21T00:00:00.000"}
,{"agegroups":"40-49","cases":"3121","deaths":"28","rate":"709","dateupdated":"2020-04-21T00:00:00.000"}
,{"agegroups":"50-59","cases":"3774","deaths":"63","rate":"713","dateupdated":"2020-04-21T00:00:00.000"}
,{"agegroups":"60-69","cases":"3247","deaths":"204","rate":"750","dateupdated":"2020-04-21T00:00:00.000"}
,{"agegroups":"70-79","cases":"1948","deaths":"319","rate":"747","dateupdated":"2020-04-21T00:00:00.000"}
,{"agegroups":"80 and older","cases":"2624","deaths":"787","rate":"1598","dateupdated":"2020-04-21T00:00:00.000"}
,{"agegroups":"0-9","cases":"137","deaths":"1","rate":"36","dateupdated":"2020-04-20T00:00:00.000"}
,{"agegroups":"10-19","cases":"371","deaths":"2","rate":"81","dateupdated":"2020-04-20T00:00:00.000"}
,{"agegroups":"20-29","cases":"2013","deaths":"3","rate":"432","dateupdated":"2020-04-20T00:00:00.000"}
,{"agegroups":"30-39","cases":"2718","deaths":"12","rate":"617","dateupdated":"2020-04-20T00:00:00.000"}
,{"agegroups":"40-49","cases":"3048","deaths":"28","rate":"692","dateupdated":"2020-04-20T00:00:00.000"}
,{"agegroups":"50-59","cases":"3696","deaths":"58","rate":"698","dateupdated":"2020-04-20T00:00:00.000"}
,{"agegroups":"60-69","cases":"3162","deaths":"192","rate":"731","dateupdated":"2020-04-20T00:00:00.000"}
,{"agegroups":"70-79","cases":"1901","deaths":"300","rate":"729","dateupdated":"2020-04-20T00:00:00.000"}
,{"agegroups":"80 and older","cases":"2533","deaths":"733","rate":"1543","dateupdated":"2020-04-20T00:00:00.000"}
,{"agegroups":"0-9","cases":"138","deaths":"1","rate":"36","dateupdated":"2020-04-19T00:00:00.000"}
,{"agegroups":"10-19","cases":"349","deaths":"2","rate":"76","dateupdated":"2020-04-19T00:00:00.000"}
,{"agegroups":"20-29","cases":"1884","deaths":"3","rate":"404","dateupdated":"2020-04-19T00:00:00.000"}
,{"agegroups":"30-39","cases":"2520","deaths":"11","rate":"572","dateupdated":"2020-04-19T00:00:00.000"}
,{"agegroups":"40-49","cases":"2846","deaths":"22","rate":"646","dateupdated":"2020-04-19T00:00:00.000"}
,{"agegroups":"50-59","cases":"3433","deaths":"45","rate":"648","dateupdated":"2020-04-19T00:00:00.000"}
,{"agegroups":"60-69","cases":"2871","deaths":"158","rate":"664","dateupdated":"2020-04-19T00:00:00.000"}
,{"agegroups":"70-79","cases":"1662","deaths":"253","rate":"638","dateupdated":"2020-04-19T00:00:00.000"}
,{"agegroups":"80 and older","cases":"2095","deaths":"630","rate":"1276","dateupdated":"2020-04-19T00:00:00.000"}
,{"agegroups":"0-9","cases":"133","deaths":"1","rate":"35","dateupdated":"2020-04-18T00:00:00.000"}
,{"agegroups":"10-19","cases":"345","deaths":"2","rate":"75","dateupdated":"2020-04-18T00:00:00.000"}
,{"agegroups":"20-29","cases":"1854","deaths":"3","rate":"398","dateupdated":"2020-04-18T00:00:00.000"}
,{"agegroups":"30-39","cases":"2469","deaths":"11","rate":"561","dateupdated":"2020-04-18T00:00:00.000"}
,{"agegroups":"40-49","cases":"2791","deaths":"22","rate":"634","dateupdated":"2020-04-18T00:00:00.000"}
,{"agegroups":"50-59","cases":"3375","deaths":"44","rate":"637","dateupdated":"2020-04-18T00:00:00.000"}
,{"agegroups":"60-69","cases":"2805","deaths":"151","rate":"648","dateupdated":"2020-04-18T00:00:00.000"}
,{"agegroups":"70-79","cases":"1618","deaths":"245","rate":"621","dateupdated":"2020-04-18T00:00:00.000"}
,{"agegroups":"80 and older","cases":"1994","deaths":"605","rate":"1215","dateupdated":"2020-04-18T00:00:00.000"}
,{"agegroups":"0-9","cases":"130","deaths":"1","rate":"34","dateupdated":"2020-04-17T00:00:00.000"}
,{"agegroups":"10-19","cases":"330","deaths":"1","rate":"72","dateupdated":"2020-04-17T00:00:00.000"}
,{"agegroups":"20-29","cases":"1781","deaths":"3","rate":"382","dateupdated":"2020-04-17T00:00:00.000"}
,{"agegroups":"30-39","cases":"2379","deaths":"11","rate":"540","dateupdated":"2020-04-17T00:00:00.000"}
,{"agegroups":"40-49","cases":"2683","deaths":"21","rate":"609","dateupdated":"2020-04-17T00:00:00.000"}
,{"agegroups":"50-59","cases":"3248","deaths":"44","rate":"613","dateupdated":"2020-04-17T00:00:00.000"}
,{"agegroups":"60-69","cases":"2683","deaths":"143","rate":"620","dateupdated":"2020-04-17T00:00:00.000"}
,{"agegroups":"70-79","cases":"1541","deaths":"231","rate":"591","dateupdated":"2020-04-17T00:00:00.000"}
,{"agegroups":"80 and older","cases":"1866","deaths":"579","rate":"1137","dateupdated":"2020-04-17T00:00:00.000"}
,{"agegroups":"0-9","cases":"117","deaths":"1","rate":"31","dateupdated":"2020-04-16T00:00:00.000"}
,{"agegroups":"10-19","cases":"311","deaths":"1","rate":"68","dateupdated":"2020-04-16T00:00:00.000"}
,{"agegroups":"20-29","cases":"1670","deaths":"2","rate":"358","dateupdated":"2020-04-16T00:00:00.000"}
,{"agegroups":"30-39","cases":"2244","deaths":"10","rate":"510","dateupdated":"2020-04-16T00:00:00.000"}
,{"agegroups":"40-49","cases":"2534","deaths":"20","rate":"575","dateupdated":"2020-04-16T00:00:00.000"}
,{"agegroups":"50-59","cases":"3050","deaths":"40","rate":"576","dateupdated":"2020-04-16T00:00:00.000"}
,{"agegroups":"60-69","cases":"2545","deaths":"138","rate":"588","dateupdated":"2020-04-16T00:00:00.000"}
,{"agegroups":"70-79","cases":"1477","deaths":"218","rate":"567","dateupdated":"2020-04-16T00:00:00.000"}
,{"agegroups":"80 and older","cases":"1734","deaths":"539","rate":"1056","dateupdated":"2020-04-16T00:00:00.000"}
,{"agegroups":"0-9","cases":"107","deaths":"1","rate":"28","dateupdated":"2020-04-15T00:00:00.000"}
,{"agegroups":"10-19","cases":"291","deaths":"1","rate":"63","dateupdated":"2020-04-15T00:00:00.000"}
,{"agegroups":"20-29","cases":"1557","deaths":"1","rate":"334","dateupdated":"2020-04-15T00:00:00.000"}
,{"agegroups":"30-39","cases":"2101","deaths":"9","rate":"477","dateupdated":"2020-04-15T00:00:00.000"}
,{"agegroups":"40-49","cases":"2348","deaths":"19","rate":"533","dateupdated":"2020-04-15T00:00:00.000"}
,{"agegroups":"50-59","cases":"2838","deaths":"35","rate":"536","dateupdated":"2020-04-15T00:00:00.000"}
,{"agegroups":"60-69","cases":"2357","deaths":"118","rate":"545","dateupdated":"2020-04-15T00:00:00.000"}
,{"agegroups":"70-79","cases":"1381","deaths":"192","rate":"530","dateupdated":"2020-04-15T00:00:00.000"}
,{"agegroups":"80 and older","cases":"1581","deaths":"491","rate":"963","dateupdated":"2020-04-15T00:00:00.000"}
,{"agegroups":"0-9","cases":"100","deaths":"1","rate":"26","dateupdated":"2020-04-14T00:00:00.000"}
,{"agegroups":"10-19","cases":"281","deaths":"0","rate":"61","dateupdated":"2020-04-14T00:00:00.000"}
,{"agegroups":"20-29","cases":"1489","deaths":"1","rate":"320","dateupdated":"2020-04-14T00:00:00.000"}
,{"agegroups":"30-39","cases":"2013","deaths":"8","rate":"457","dateupdated":"2020-04-14T00:00:00.000"}
,{"agegroups":"40-49","cases":"2256","deaths":"14","rate":"512","dateupdated":"2020-04-14T00:00:00.000"}
,{"agegroups":"50-59","cases":"2715","deaths":"32","rate":"513","dateupdated":"2020-04-14T00:00:00.000"}
,{"agegroups":"60-69","cases":"2245","deaths":"96","rate":"519","dateupdated":"2020-04-14T00:00:00.000"}
,{"agegroups":"70-79","cases":"1266","deaths":"150","rate":"486","dateupdated":"2020-04-14T00:00:00.000"}
,{"agegroups":"80 and older","cases":"1396","deaths":"369","rate":"850","dateupdated":"2020-04-14T00:00:00.000"}
,{"agegroups":"0-9","cases":"97","deaths":"1","rate":"26","dateupdated":"2020-04-13T00:00:00.000"}
,{"agegroups":"10-19","cases":"274","deaths":"0","rate":"60","dateupdated":"2020-04-13T00:00:00.000"}
,{"agegroups":"20-29","cases":"1430","deaths":"1","rate":"307","dateupdated":"2020-04-13T00:00:00.000"}
,{"agegroups":"30-39","cases":"1921","deaths":"8","rate":"436","dateupdated":"2020-04-13T00:00:00.000"}
,{"agegroups":"40-49","cases":"2151","deaths":"13","rate":"488","dateupdated":"2020-04-13T00:00:00.000"}
,{"agegroups":"50-59","cases":"2593","deaths":"30","rate":"490","dateupdated":"2020-04-13T00:00:00.000"}
,{"agegroups":"60-69","cases":"2148","deaths":"83","rate":"496","dateupdated":"2020-04-13T00:00:00.000"}
,{"agegroups":"70-79","cases":"1212","deaths":"134","rate":"465","dateupdated":"2020-04-13T00:00:00.000"}
,{"agegroups":"80 and older","cases":"1314","deaths":"332","rate":"800","dateupdated":"2020-04-13T00:00:00.000"}
,{"agegroups":"0-9","cases":"89","deaths":"1","rate":"23","dateupdated":"2020-04-12T00:00:00.000"}
,{"agegroups":"10-19","cases":"245","deaths":"0","rate":"53","dateupdated":"2020-04-12T00:00:00.000"}
,{"agegroups":"20-29","cases":"1305","deaths":"1","rate":"280","dateupdated":"2020-04-12T00:00:00.000"}
,{"agegroups":"30-39","cases":"1772","deaths":"6","rate":"402","dateupdated":"2020-04-12T00:00:00.000"}
,{"agegroups":"40-49","cases":"1972","deaths":"13","rate":"448","dateupdated":"2020-04-12T00:00:00.000"}
,{"agegroups":"50-59","cases":"2372","deaths":"27","rate":"448","dateupdated":"2020-04-12T00:00:00.000"}
,{"agegroups":"60-69","cases":"1947","deaths":"75","rate":"450","dateupdated":"2020-04-12T00:00:00.000"}
,{"agegroups":"70-79","cases":"1080","deaths":"122","rate":"414","dateupdated":"2020-04-12T00:00:00.000"}
,{"agegroups":"80 and older","cases":"1167","deaths":"309","rate":"711","dateupdated":"2020-04-12T00:00:00.000"}
,{"agegroups":"0-9","cases":"88","deaths":"1","rate":"23","dateupdated":"2020-04-11T00:00:00.000"}
,{"agegroups":"19-Oct","cases":"238","deaths":"0","rate":"52","dateupdated":"2020-04-11T00:00:00.000"}
,{"agegroups":"20-29","cases":"1266","deaths":"1","rate":"272","dateupdated":"2020-04-11T00:00:00.000"}
,{"agegroups":"30-39","cases":"1701","deaths":"6","rate":"386","dateupdated":"2020-04-11T00:00:00.000"}
,{"agegroups":"40-49","cases":"1887","deaths":"13","rate":"428","dateupdated":"2020-04-11T00:00:00.000"}
,{"agegroups":"50-59","cases":"2273","deaths":"21","rate":"429","dateupdated":"2020-04-11T00:00:00.000"}
,{"agegroups":"60-69","cases":"1854","deaths":"67","rate":"429","dateupdated":"2020-04-11T00:00:00.000"}
,{"agegroups":"70-79","cases":"1027","deaths":"110","rate":"394","dateupdated":"2020-04-11T00:00:00.000"}
,{"agegroups":"80 and older","cases":"1090","deaths":"275","rate":"664","dateupdated":"2020-04-11T00:00:00.000"}
,{"agegroups":"0-9","cases":"81","deaths":"1","rate":"21","dateupdated":"2020-04-10T00:00:00.000"}
,{"agegroups":"10-19","cases":"215","deaths":"0","rate":"47","dateupdated":"2020-04-10T00:00:00.000"}
,{"agegroups":"20-29","cases":"1178","deaths":"1","rate":"253","dateupdated":"2020-04-10T00:00:00.000"}
,{"agegroups":"30-39","cases":"1575","deaths":"5","rate":"358","dateupdated":"2020-04-10T00:00:00.000"}
,{"agegroups":"40-49","cases":"1747","deaths":"11","rate":"397","dateupdated":"2020-04-10T00:00:00.000"}
,{"agegroups":"50-59","cases":"2115","deaths":"19","rate":"399","dateupdated":"2020-04-10T00:00:00.000"}
,{"agegroups":"60-69","cases":"1675","deaths":"61","rate":"387","dateupdated":"2020-04-10T00:00:00.000"}
,{"agegroups":"70-79","cases":"916","deaths":"101","rate":"351","dateupdated":"2020-04-10T00:00:00.000"}
,{"agegroups":"80 and older","cases":"940","deaths":"249","rate":"573","dateupdated":"2020-04-10T00:00:00.000"}
,{"agegroups":"0-9","cases":"77","deaths":"1","rate":"20","dateupdated":"2020-04-09T00:00:00.000"}
,{"agegroups":"10-19","cases":"203","deaths":"0","rate":"44","dateupdated":"2020-04-09T00:00:00.000"}
,{"agegroups":"20-29","cases":"1097","deaths":"1","rate":"235","dateupdated":"2020-04-09T00:00:00.000"}
,{"agegroups":"30-39","cases":"1478","deaths":"3","rate":"336","dateupdated":"2020-04-09T00:00:00.000"}
,{"agegroups":"40-49","cases":"1626","deaths":"10","rate":"369","dateupdated":"2020-04-09T00:00:00.000"}
,{"agegroups":"50-59","cases":"1968","deaths":"17","rate":"372","dateupdated":"2020-04-09T00:00:00.000"}
,{"agegroups":"60-69","cases":"1561","deaths":"53","rate":"361","dateupdated":"2020-04-09T00:00:00.000"}
,{"agegroups":"70-79","cases":"836","deaths":"91","rate":"321","dateupdated":"2020-04-09T00:00:00.000"}
,{"agegroups":"80 and older","cases":"839","deaths":"204","rate":"511","dateupdated":"2020-04-09T00:00:00.000"}
,{"agegroups":"0-9","cases":"73","deaths":"1","rate":"19","dateupdated":"2020-04-08T00:00:00.000"}
,{"agegroups":"10-19","cases":"184","deaths":"0","rate":"40","dateupdated":"2020-04-08T00:00:00.000"}
,{"agegroups":"20-29","cases":"973","deaths":"1","rate":"209","dateupdated":"2020-04-08T00:00:00.000"}
,{"agegroups":"30-39","cases":"1328","deaths":"2","rate":"302","dateupdated":"2020-04-08T00:00:00.000"}
,{"agegroups":"40-49","cases":"1438","deaths":"9","rate":"326","dateupdated":"2020-04-08T00:00:00.000"}
,{"agegroups":"50-59","cases":"1761","deaths":"16","rate":"333","dateupdated":"2020-04-08T00:00:00.000"}
,{"agegroups":"60-69","cases":"1417","deaths":"47","rate":"328","dateupdated":"2020-04-08T00:00:00.000"}
,{"agegroups":"70-79","cases":"748","deaths":"80","rate":"287","dateupdated":"2020-04-08T00:00:00.000"}
,{"agegroups":"80 and older","cases":"752","deaths":"179","rate":"458","dateupdated":"2020-04-08T00:00:00.000"}
,{"agegroups":"0-9","cases":"67","deaths":"1","rate":"18","dateupdated":"2020-04-07T00:00:00.000"}
,{"agegroups":"10-19","cases":"168","deaths":"0","rate":"37","dateupdated":"2020-04-07T00:00:00.000"}
,{"agegroups":"20-29","cases":"870","deaths":"1","rate":"187","dateupdated":"2020-04-07T00:00:00.000"}
,{"agegroups":"30-39","cases":"1189","deaths":"2","rate":"270","dateupdated":"2020-04-07T00:00:00.000"}
,{"agegroups":"40-49","cases":"1302","deaths":"9","rate":"296","dateupdated":"2020-04-07T00:00:00.000"}
,{"agegroups":"50-59","cases":"1550","deaths":"13","rate":"293","dateupdated":"2020-04-07T00:00:00.000"}
,{"agegroups":"60-69","cases":"1247","deaths":"39","rate":"288","dateupdated":"2020-04-07T00:00:00.000"}
,{"agegroups":"70-79","cases":"646","deaths":"63","rate":"248","dateupdated":"2020-04-07T00:00:00.000"}
,{"agegroups":"80 and older","cases":"635","deaths":"149","rate":"387","dateupdated":"2020-04-07T00:00:00.000"}
,{"agegroups":"0 - 9","cases":"60","deaths":"1","rate":"16","dateupdated":"2020-04-06T00:00:00.000"}
,{"agegroups":"10 -19","cases":"149","deaths":"0","rate":"32","dateupdated":"2020-04-06T00:00:00.000"}
,{"agegroups":"20 -29","cases":"792","deaths":"0","rate":"170","dateupdated":"2020-04-06T00:00:00.000"}
,{"agegroups":"30 - 39","cases":"1062","deaths":"1","rate":"241","dateupdated":"2020-04-06T00:00:00.000"}
,{"agegroups":"40 -49","cases":"1189","deaths":"7","rate":"270","dateupdated":"2020-04-06T00:00:00.000"}
,{"agegroups":"50 -59","cases":"1390","deaths":"10","rate":"263","dateupdated":"2020-04-06T00:00:00.000"}
,{"agegroups":"60 - 69","cases":"1092","deaths":"28","rate":"252","dateupdated":"2020-04-06T00:00:00.000"}
,{"agegroups":"70 - 79","cases":"569","deaths":"49","rate":"218","dateupdated":"2020-04-06T00:00:00.000"}
,{"agegroups":"80 and older","cases":"546","deaths":"110","rate":"333","dateupdated":"2020-04-06T00:00:00.000"}
,{"agegroups":"0 - 9","cases":"49","deaths":"1","rate":"13","dateupdated":"2020-04-05T00:00:00.000"}
,{"agegroups":"10 -19","cases":"113","deaths":"0","rate":"25","dateupdated":"2020-04-05T00:00:00.000"}
,{"agegroups":"20 -29","cases":"639","deaths":"0","rate":"137","dateupdated":"2020-04-05T00:00:00.000"}
,{"agegroups":"30 - 39","cases":"856","deaths":"1","rate":"194","dateupdated":"2020-04-05T00:00:00.000"}
,{"agegroups":"40 -49","cases":"963","deaths":"7","rate":"219","dateupdated":"2020-04-05T00:00:00.000"}
,{"agegroups":"50 -59","cases":"1152","deaths":"9","rate":"218","dateupdated":"2020-04-05T00:00:00.000"}
,{"agegroups":"60 - 69","cases":"896","deaths":"27","rate":"207","dateupdated":"2020-04-05T00:00:00.000"}
,{"agegroups":"70 - 79","cases":"475","deaths":"47","rate":"182","dateupdated":"2020-04-05T00:00:00.000"}
,{"agegroups":"80 and older","cases":"463","deaths":"97","rate":"282","dateupdated":"2020-04-05T00:00:00.000"}]
